{"cameraMode":{"drawMode":0,"name":"Shaded","section":"Shading Mode"},"sceneLighting":false,"audioPlay":false,"sceneViewState":{"showFog":true,"showMaterialUpdate":false,"showSkybox":true,"showFlares":true,"showImageEffects":true,"showParticleSystems":true},"in2DMode":false,"pivot":{"x":-22.081626892089845,"y":1.0515483617782593,"z":-8.088546752929688},"rotation":{"x":0.23151233792304994,"y":0.05573384091258049,"z":-0.013286104425787926,"w":0.971143364906311},"size":3.611234188079834,"orthographic":false}