{"cameraMode":{"drawMode":0,"name":"Shaded","section":"Shading Mode"},"sceneLighting":true,"audioPlay":false,"sceneViewState":{"showFog":true,"showMaterialUpdate":false,"showSkybox":true,"showFlares":true,"showImageEffects":true,"showParticleSystems":true},"in2DMode":false,"pivot":{"x":65.60369873046875,"y":-22.189529418945314,"z":171.59646606445313},"rotation":{"x":0.0709814727306366,"y":0.1862206757068634,"z":-0.013490200974047184,"w":0.97984778881073},"size":196.02467346191407,"orthographic":false}