{"cameraMode":{"drawMode":0,"name":"Shaded","section":"Shading Mode"},"sceneLighting":true,"audioPlay":false,"sceneViewState":{"showFog":true,"showMaterialUpdate":false,"showSkybox":true,"showFlares":true,"showImageEffects":true,"showParticleSystems":true},"in2DMode":false,"pivot":{"x":0.3397766947746277,"y":-2.213862895965576,"z":21.244077682495118},"rotation":{"x":0.11467539519071579,"y":-0.0101214200258255,"z":0.0011694077402353287,"w":0.9933508038520813},"size":22.666091918945314,"orthographic":false}