{"cameraMode":{"drawMode":0,"name":"Shaded","section":"Shading Mode"},"sceneLighting":true,"audioPlay":false,"sceneViewState":{"showFog":true,"showMaterialUpdate":true,"showSkybox":true,"showFlares":true,"showImageEffects":true,"showParticleSystems":true},"in2DMode":false,"pivot":{"x":7.7484283447265629,"y":-23.586517333984376,"z":148.12026977539063},"rotation":{"x":0.08925530314445496,"y":0.0289913397282362,"z":-0.0025934630539268257,"w":0.9956165552139282},"size":151.70521545410157,"orthographic":false}