{"cameraMode":{"drawMode":0,"name":"Shaded","section":"Shading Mode"},"sceneLighting":false,"audioPlay":false,"sceneViewState":{"showFog":true,"showMaterialUpdate":false,"showSkybox":true,"showFlares":true,"showImageEffects":true,"showParticleSystems":true},"in2DMode":false,"pivot":{"x":-0.6500000953674316,"y":0.40000003576278689,"z":46.0},"rotation":{"x":-0.07944022119045258,"y":0.004750925116240978,"z":-0.0003786911256611347,"w":-0.9968282580375671},"size":26.73491096496582,"orthographic":false}