{"cameraMode":{"drawMode":0,"name":"Shaded","section":"Shading Mode"},"sceneLighting":true,"audioPlay":false,"sceneViewState":{"showFog":true,"showMaterialUpdate":false,"showSkybox":true,"showFlares":true,"showImageEffects":true,"showParticleSystems":true},"in2DMode":false,"pivot":{"x":-1.1351827383041382,"y":2.661452293395996,"z":14.291666030883789},"rotation":{"x":-0.012310012243688107,"y":0.005098293069750071,"z":-0.00006262592796701938,"w":-0.9999113082885742},"size":17.163951873779298,"orthographic":false}