{"cameraMode":{"drawMode":0,"name":"Shaded","section":"Shading Mode"},"sceneLighting":false,"audioPlay":false,"sceneViewState":{"showFog":true,"showMaterialUpdate":false,"showSkybox":true,"showFlares":true,"showImageEffects":true,"showParticleSystems":true},"in2DMode":false,"pivot":{"x":-0.7920456528663635,"y":-0.9882826209068298,"z":50.85140609741211},"rotation":{"x":0.1478452980518341,"y":0.04003601521253586,"z":-0.005991928279399872,"w":0.9881816506385803},"size":7.306116104125977,"orthographic":false}