{"cameraMode":{"drawMode":0,"name":"Shaded","section":"Shading Mode"},"sceneLighting":true,"audioPlay":false,"sceneViewState":{"showFog":true,"showMaterialUpdate":true,"showSkybox":true,"showFlares":true,"showImageEffects":true,"showParticleSystems":true},"in2DMode":false,"pivot":{"x":1.9746291637420655,"y":1.4681144952774048,"z":7.205672264099121},"rotation":{"x":0.12034965306520462,"y":0.06785383820533753,"z":-0.008260335773229599,"w":0.9905191659927368},"size":8.58781623840332,"orthographic":false}