{"cameraMode":{"drawMode":0,"name":"Shaded","section":"Shading Mode"},"sceneLighting":false,"audioPlay":false,"sceneViewState":{"showFog":true,"showMaterialUpdate":false,"showSkybox":true,"showFlares":true,"showImageEffects":true,"showParticleSystems":true},"in2DMode":false,"pivot":{"x":0.4057920575141907,"y":-3.975623607635498,"z":14.280974388122559},"rotation":{"x":-0.2853949964046478,"y":-0.025618284940719606,"z":0.007631493266671896,"w":-0.9580371975898743},"size":8.898863792419434,"orthographic":false}