{"cameraMode":{"drawMode":0,"name":"Shaded","section":"Shading Mode"},"sceneLighting":false,"audioPlay":false,"sceneViewState":{"showFog":true,"showMaterialUpdate":false,"showSkybox":true,"showFlares":true,"showImageEffects":true,"showParticleSystems":true},"in2DMode":false,"pivot":{"x":-27.5549259185791,"y":-0.961733341217041,"z":-3.6615073680877687},"rotation":{"x":0.2796657979488373,"y":0.09945937246084213,"z":-0.029141409322619439,"w":0.954487144947052},"size":5.3736419677734379,"orthographic":false}