{"cameraMode":{"drawMode":0,"name":"Shaded","section":"Shading Mode"},"sceneLighting":true,"audioPlay":false,"sceneViewState":{"showFog":true,"showMaterialUpdate":true,"showSkybox":true,"showFlares":true,"showImageEffects":true,"showParticleSystems":true},"in2DMode":false,"pivot":{"x":-15.406499862670899,"y":-14.279256820678711,"z":464.4891662597656},"rotation":{"x":-0.3038690388202667,"y":0.32245704531669619,"z":-0.11013427376747132,"w":-0.8897338509559631},"size":66.55928802490235,"orthographic":false}