{"cameraMode":{"drawMode":0,"name":"Shaded","section":"Shading Mode"},"sceneLighting":false,"audioPlay":false,"sceneViewState":{"showFog":true,"showMaterialUpdate":false,"showSkybox":true,"showFlares":true,"showImageEffects":true,"showParticleSystems":true},"in2DMode":false,"pivot":{"x":0.8368995785713196,"y":1.0334956645965577,"z":7.659294605255127},"rotation":{"x":-0.17963965237140656,"y":0.39976730942726138,"z":-0.08021727949380875,"w":-0.8952723145484924},"size":0.5062803030014038,"orthographic":false}