{"cameraMode":{"drawMode":0,"name":"Shaded","section":"Shading Mode"},"sceneLighting":false,"audioPlay":false,"sceneViewState":{"showFog":true,"showMaterialUpdate":false,"showSkybox":true,"showFlares":true,"showImageEffects":true,"showParticleSystems":true},"in2DMode":false,"pivot":{"x":360.0,"y":615.7000122070313,"z":93.40390014648438},"rotation":{"x":0.02993171475827694,"y":-0.9696815609931946,"z":0.15699653327465058,"w":0.18486179411411286},"size":47.95951843261719,"orthographic":false}