{"cameraMode":{"drawMode":0,"name":"Shaded","section":"Shading Mode"},"sceneLighting":true,"audioPlay":false,"sceneViewState":{"showFog":true,"showMaterialUpdate":true,"showSkybox":true,"showFlares":true,"showImageEffects":true,"showParticleSystems":true},"in2DMode":false,"pivot":{"x":-137.11700439453126,"y":-7.439142227172852,"z":37.03669357299805},"rotation":{"x":-0.18497638404369355,"y":-0.45984548330307009,"z":0.09869272261857987,"w":-0.8629776835441589},"size":29.938961029052736,"orthographic":false}