{"cameraMode":{"drawMode":0,"name":"Shaded","section":"Shading Mode"},"sceneLighting":true,"audioPlay":false,"sceneViewState":{"showFog":true,"showMaterialUpdate":false,"showSkybox":true,"showFlares":true,"showImageEffects":true,"showParticleSystems":true},"in2DMode":false,"pivot":{"x":-64.80024719238281,"y":-50.43195343017578,"z":101.6695556640625},"rotation":{"x":0.293467253446579,"y":0.23349210619926454,"z":-0.07420641928911209,"w":0.9240856170654297},"size":123.8093032836914,"orthographic":false}