{"cameraMode":{"drawMode":0,"name":"Shaded","section":"Shading Mode"},"sceneLighting":false,"audioPlay":false,"sceneViewState":{"showFog":true,"showMaterialUpdate":false,"showSkybox":true,"showFlares":true,"showImageEffects":true,"showParticleSystems":true},"in2DMode":false,"pivot":{"x":9.089999198913575,"y":0.7368141412734985,"z":0.22000032663345338},"rotation":{"x":-0.18721622228622437,"y":-0.030352486297488214,"z":0.0057869404554367069,"w":-0.9818326830863953},"size":5.575923442840576,"orthographic":false}