{"cameraMode":{"drawMode":0,"name":"Shaded","section":"Shading Mode"},"sceneLighting":false,"audioPlay":false,"sceneViewState":{"showFog":true,"showMaterialUpdate":false,"showSkybox":true,"showFlares":true,"showImageEffects":true,"showParticleSystems":true},"in2DMode":false,"pivot":{"x":-17.203083038330079,"y":1.441999912261963,"z":-5.879000186920166},"rotation":{"x":-0.18721622228622437,"y":-0.030352486297488214,"z":0.0057869404554367069,"w":-0.9818326830863953},"size":7.760159492492676,"orthographic":false}