{"cameraMode":{"drawMode":0,"name":"Shaded","section":"Shading Mode"},"sceneLighting":true,"audioPlay":false,"sceneViewState":{"showFog":true,"showMaterialUpdate":true,"showSkybox":true,"showFlares":true,"showImageEffects":true,"showParticleSystems":true},"in2DMode":false,"pivot":{"x":-0.5125008225440979,"y":0.7051218152046204,"z":21.038265228271486},"rotation":{"x":0.04169667512178421,"y":-0.00869686994701624,"z":0.00036511197686195374,"w":0.9991026520729065},"size":22.0,"orthographic":false}