{"cameraMode":{"drawMode":0,"name":"Shaded","section":"Shading Mode"},"sceneLighting":false,"audioPlay":false,"sceneViewState":{"showFog":true,"showMaterialUpdate":false,"showSkybox":true,"showFlares":true,"showImageEffects":true,"showParticleSystems":true},"in2DMode":false,"pivot":{"x":-11.805208206176758,"y":2.632882595062256,"z":-4.889575958251953},"rotation":{"x":0.12816111743450166,"y":-0.17279662191867829,"z":0.022683104500174524,"w":0.9763204455375671},"size":15.301469802856446,"orthographic":false}