{"cameraMode":{"drawMode":0,"name":"Shaded","section":"Shading Mode"},"sceneLighting":false,"audioPlay":false,"sceneViewState":{"showFog":true,"showMaterialUpdate":false,"showSkybox":true,"showFlares":true,"showImageEffects":true,"showParticleSystems":true},"in2DMode":false,"pivot":{"x":-17.473894119262697,"y":2.5,"z":-5.000611305236816},"rotation":{"x":0.1478452980518341,"y":0.04003601521253586,"z":-0.005991928279399872,"w":0.9881816506385803},"size":15.301469802856446,"orthographic":false}