{"cameraMode":{"drawMode":0,"name":"Shaded","section":"Shading Mode"},"sceneLighting":true,"audioPlay":false,"sceneViewState":{"showFog":true,"showMaterialUpdate":false,"showSkybox":true,"showFlares":true,"showImageEffects":true,"showParticleSystems":true},"in2DMode":false,"pivot":{"x":0.5631049871444702,"y":-7.29124116897583,"z":74.68537139892578},"rotation":{"x":0.03264370560646057,"y":0.942122220993042,"z":-0.31987059116363528,"w":0.09614274650812149},"size":18.863779067993165,"orthographic":false}