{"cameraMode":{"drawMode":0,"name":"Shaded","section":"Shading Mode"},"sceneLighting":true,"audioPlay":false,"sceneViewState":{"showFog":true,"showMaterialUpdate":true,"showSkybox":true,"showFlares":true,"showImageEffects":true,"showParticleSystems":true},"in2DMode":false,"pivot":{"x":-62.88088607788086,"y":-24.22718048095703,"z":25.19638442993164},"rotation":{"x":-0.15187138319015504,"y":0.5626369118690491,"z":-0.10605347901582718,"w":-0.8057014346122742},"size":89.23719787597656,"orthographic":false}