{"cameraMode":{"drawMode":0,"name":"Shaded","section":"Shading Mode"},"sceneLighting":false,"audioPlay":false,"sceneViewState":{"showFog":true,"showMaterialUpdate":false,"showSkybox":true,"showFlares":true,"showImageEffects":true,"showParticleSystems":true},"in2DMode":false,"pivot":{"x":0.5176629424095154,"y":-2.6371562480926515,"z":14.995725631713868},"rotation":{"x":-0.2025136649608612,"y":-0.030581213533878328,"z":0.006327291950583458,"w":-0.978781521320343},"size":8.898863792419434,"orthographic":false}