{"cameraMode":{"drawMode":0,"name":"Shaded","section":"Shading Mode"},"sceneLighting":true,"audioPlay":false,"sceneViewState":{"showFog":true,"showMaterialUpdate":true,"showSkybox":true,"showFlares":true,"showImageEffects":true,"showParticleSystems":true},"in2DMode":false,"pivot":{"x":-63.50114822387695,"y":-20.82654571533203,"z":41.73070526123047},"rotation":{"x":0.12399992346763611,"y":-0.4762748181819916,"z":0.06804149597883225,"w":0.8679070472717285},"size":91.74189758300781,"orthographic":false}