{"cameraMode":{"drawMode":0,"name":"Shaded","section":"Shading Mode"},"sceneLighting":false,"audioPlay":false,"sceneViewState":{"showFog":true,"showMaterialUpdate":false,"showSkybox":true,"showFlares":true,"showImageEffects":true,"showParticleSystems":true},"in2DMode":false,"pivot":{"x":-18.88226318359375,"y":-0.4438871443271637,"z":-3.2084436416625978},"rotation":{"x":-0.17254991829395295,"y":-0.003845180617645383,"z":0.0006730179884470999,"w":-0.9849931001663208},"size":7.760159492492676,"orthographic":false}