{"cameraMode":{"drawMode":0,"name":"Shaded","section":"Shading Mode"},"sceneLighting":false,"audioPlay":false,"sceneViewState":{"showFog":true,"showMaterialUpdate":false,"showSkybox":true,"showFlares":true,"showImageEffects":true,"showParticleSystems":true},"in2DMode":false,"pivot":{"x":-10.930000305175782,"y":1.5780000686645508,"z":-5.324999809265137},"rotation":{"x":-0.18721622228622437,"y":-0.030352486297488214,"z":0.0057869404554367069,"w":-0.9818326830863953},"size":7.796385288238525,"orthographic":false}