{"cameraMode":{"drawMode":0,"name":"Shaded","section":"Shading Mode"},"sceneLighting":false,"audioPlay":false,"sceneViewState":{"showFog":true,"showMaterialUpdate":false,"showSkybox":true,"showFlares":true,"showImageEffects":true,"showParticleSystems":true},"in2DMode":false,"pivot":{"x":-9.897014617919922,"y":0.5416135191917419,"z":-4.178580284118652},"rotation":{"x":0.16813969612121583,"y":0.29261910915374758,"z":-0.05234818533062935,"w":0.9398738741874695},"size":5.575930595397949,"orthographic":false}