{"cameraMode":{"drawMode":0,"name":"Shaded","section":"Shading Mode"},"sceneLighting":true,"audioPlay":false,"sceneViewState":{"showFog":true,"showMaterialUpdate":true,"showSkybox":true,"showFlares":true,"showImageEffects":true,"showParticleSystems":true},"in2DMode":false,"pivot":{"x":-2.4760348796844484,"y":1.2144567966461182,"z":1.999704122543335},"rotation":{"x":0.1691187471151352,"y":-0.48152118921279909,"z":0.09524387121200562,"w":0.8548106551170349},"size":8.832365036010743,"orthographic":false}